Problem,Makespan_baseline,Makespan_algo,Gap_%,Feasible,AllServed,Construction_s,TS_s,Penalty_TW,Penalty_Cap,Penalty_Range,Penalty_Wait,Truck_paths,Drone_paths,Truck_working_time,Drone_working_time
6.5.1,699.6657,699.6657,0.0,True,True,0.001,0.639,0.0,0.0,0.0,0.0,"[[[0, 2, 0]]]","[[[0, 6, 3, 0], [0, 1, 5, 4, 0]]]",[699.6657],[641.6064]
6.5.2,550.7225,550.7225,0.0,True,True,0.001,0.906,0.0,0.0,0.0,0.0,"[[[0, 1, 3, 6, 0]]]","[[[0, 4, 5, 2, 0]]]",[546.2518],[550.7225]
6.5.3,766.7834,766.7834,0.0,True,True,0.001,0.555,0.0,0.0,0.0,0.0,"[[[0, 4, 3, 0]]]","[[[0, 2, 1, 6, 0], [0, 5, 0]]]",[766.7834],[709.548]
6.5.4,579.9713,579.9713,-0.0,True,True,0.001,0.516,0.0,0.0,0.0,0.0,"[[[0, 6, 4, 1, 0]]]","[[[0, 3, 5, 2, 0]]]",[579.9713],[565.3328]
6.10.1,1078.7477,1078.7477,0.0,True,True,0.001,0.656,0.0,0.0,0.0,0.0,"[[[0, 3, 2, 0]]]","[[[0, 5, 4, 0], [0, 6, 1, 0]]]",[1058.9239],[1078.7477]
6.10.2,1232.5642,1232.5642,-0.0,True,True,0.001,0.642,0.0,0.0,0.0,0.0,"[[[0, 6, 1, 0]]]","[[[0, 4, 0], [0, 2, 3, 5, 0]]]",[1232.5642],[1180.739]
6.10.3,1230.0423,1295.786,5.3448,True,True,0.001,0.693,0.0,0.0,0.0,0.0,"[[[0, 1, 5, 0]]]","[[[0, 2, 4, 0], [0, 6, 0], [0, 3, 0]]]",[1295.786],[1293.9925]
6.10.4,997.8432,1012.3914,1.458,True,True,0.001,0.615,0.0,0.0,0.0,0.0,"[[[0, 4, 3, 2, 0]]]","[[[0, 6, 0], [0, 1, 5, 0]]]",[1012.3914],[995.6654]
6.20.1,4486.6813,4486.6813,-0.0,True,True,0.0,0.349,0.0,0.0,0.0,0.0,"[[[0, 2, 1, 3, 5, 0]]]","[[[0, 6, 4, 0]]]",[4486.6813],[519.6656]
6.20.2,4099.7879,4099.7879,0.0,True,True,0.0,0.44,0.0,0.0,0.0,0.0,"[[[0, 4, 3, 2, 0]]]","[[[0, 6, 0], [0, 1, 0], [0, 5, 0]]]",[4099.7879],[1970.6607]
6.20.3,6233.2145,5802.0354,-6.9174,True,True,0.0,0.384,0.0,0.0,0.0,0.0,"[[[0, 2, 5, 6, 3, 0]]]","[[[0, 1, 0], [0, 4, 0]]]",[5802.0354],[1185.3671]
6.20.4,6174.7861,5764.1332,-6.6505,True,True,0.0,0.376,0.0,0.0,0.0,0.0,"[[[0, 3, 4, 5, 2, 0]]]","[[[0, 1, 0], [0, 6, 0]]]",[5764.1332],[1084.0845]
10.5.1,1212.9465,1212.9465,0.0,True,True,0.001,1.303,0.0,0.0,0.0,0.0,"[[[0, 2, 4, 5, 3, 7, 0]]]","[[[0, 9, 0], [0, 8, 1, 10, 6, 0]]]",[1212.9465],[692.9655]
10.5.2,709.2037,709.2037,-0.0,True,True,0.001,1.629,0.0,0.0,0.0,0.0,"[[[0, 8, 2, 10, 0]]]","[[[0, 9, 1, 5, 3, 4, 0], [0, 7, 6, 0]]]",[688.4926],[709.2037]
10.5.3,775.6905,775.6905,0.0,True,True,0.001,1.664,0.0,0.0,0.0,0.0,"[[[0, 1, 10, 9, 4, 0]]]","[[[0, 5, 0], [0, 7, 8, 0], [0, 2, 6, 3, 0]]]",[712.1487],[775.6905]
10.5.4,745.4252,745.4252,0.0,True,True,0.002,2.87,0.0,0.0,0.0,0.0,"[[[0, 8, 5, 0]]]","[[[0, 2, 1, 9, 7, 10, 0], [0, 6, 4, 3, 0]]]",[634.7979],[745.4252]
10.10.1,1735.95,1798.7158,3.6156,True,True,0.002,1.603,0.0,0.0,0.0,0.0,"[[[0, 7, 4, 5, 1, 6, 0]]]","[[[0, 2, 0], [0, 9, 10, 0], [0, 8, 3, 0]]]",[1798.7158],[1771.0283]
10.10.2,2006.7277,2006.7277,-0.0,True,True,0.001,1.852,0.0,0.0,0.0,0.0,"[[[0, 2, 5, 0]]]","[[[0, 7, 0], [0, 9, 8, 6, 0], [0, 10, 1, 3, 4, 0]]]",[2006.7277],[1608.4887]
10.10.3,1818.1503,2019.7266,11.0869,True,True,0.002,1.554,0.0,0.0,0.0,0.0,"[[[0, 1, 5, 9, 4, 2, 7, 0]]]","[[[0, 8, 0], [0, 3, 10, 0], [0, 6, 0]]]",[2019.7266],[1727.8563]
10.10.4,1359.6333,1359.6333,-0.0,True,True,0.002,2.026,0.0,0.0,0.0,0.0,"[[[0, 3, 9, 0]]]","[[[0, 10, 2, 4, 5, 0], [0, 6, 8, 7, 1, 0]]]",[1359.6333],[1266.2562]
10.20.1,5738.0668,4891.1186,-14.7602,True,True,0.002,1.163,0.0,0.0,0.0,0.0,"[[[0, 5, 2, 9, 6, 3, 8, 10, 0]]]","[[[0, 7, 1, 0], [0, 4, 0]]]",[4891.1186],[1001.1257]
10.20.2,6973.4074,6623.8418,-5.0128,True,True,0.001,1.08,0.0,0.0,0.0,0.0,"[[[0, 5, 6, 4, 2, 9, 1, 3, 7, 8, 0]]]","[[[0, 10, 0]]]",[6623.8418],[610.3774]
10.20.3,6468.8684,5617.983,-13.1535,True,True,0.001,1.077,0.0,0.0,0.0,0.0,"[[[0, 1, 6, 2, 5, 3, 9, 7, 4, 0]]]","[[[0, 10, 8, 0]]]",[5617.983],[579.8781]
10.20.4,6469.0426,6338.558,-2.0171,True,True,0.001,1.098,0.0,0.0,0.0,0.0,"[[[0, 1, 2, 3, 6, 7, 9, 8, 10, 4, 0]]]","[[[0, 5, 0]]]",[6338.558],[423.1206]
12.5.1,722.7394,722.7394,-0.0,True,True,0.002,2.674,0.0,0.0,0.0,0.0,"[[[0, 7, 6, 12, 4, 10, 0]]]","[[[0, 3, 8, 2, 1, 0], [0, 5, 11, 9, 0]]]",[722.7394],[702.3621]
12.5.2,682.5606,682.5606,-0.0,True,True,0.002,2.012,0.0,0.0,0.0,0.0,"[[[0, 3, 7, 12, 2, 4, 10, 0]]]","[[[0, 8, 6, 11, 9, 1, 5, 0]]]",[678.4113],[682.5606]
12.5.3,1011.0698,1078.9235,6.7111,True,True,0.002,2.61,0.0,0.0,0.0,0.0,"[[[0, 4, 7, 5, 12, 10, 0]]]","[[[0, 2, 6, 9, 0], [0, 8, 1, 11, 0], [0, 3, 0]]]",[1078.9235],[1026.9819]
12.5.4,925.822,958.1463,3.4914,True,True,0.003,2.871,0.0,0.0,0.0,0.0,"[[[0, 1, 3, 11, 0]]]","[[[0, 7, 2, 12, 4, 0], [0, 9, 5, 10, 0], [0, 6, 8, 0]]]",[958.1463],[944.7614]
12.10.1,1669.857,1669.857,0.0,True,True,0.002,2.652,0.0,0.0,0.0,0.0,"[[[0, 4, 8, 6, 10, 5, 0]]]","[[[0, 12, 2, 0], [0, 11, 3, 7, 0], [0, 1, 9, 0]]]",[1590.2263],[1669.857]
12.10.2,1670.9122,1888.2794,13.0089,True,True,0.003,2.706,0.0,0.0,0.0,0.0,"[[[0, 11, 2, 7, 0]]]","[[[0, 4, 1, 3, 0], [0, 6, 9, 5, 0], [0, 8, 10, 12, 0]]]",[1888.2794],[1867.3492]
12.10.3,1788.4913,1788.4913,0.0,True,True,0.002,2.401,0.0,0.0,0.0,0.0,"[[[0, 2, 3, 6, 7, 0]]]","[[[0, 10, 5, 0], [0, 12, 8, 1, 0], [0, 11, 4, 9, 0]]]",[1783.6117],[1788.4913]
12.10.4,1719.9583,1719.9583,-0.0,True,True,0.002,2.494,0.0,0.0,0.0,0.0,"[[[0, 12, 8, 2, 9, 10, 0]]]","[[[0, 7, 1, 11, 0], [0, 4, 5, 0], [0, 3, 6, 0]]]",[1659.855],[1719.9583]
12.20.1,8240.6221,7219.0306,-12.397,True,True,0.001,1.873,0.0,0.0,0.0,0.0,"[[[0, 4, 11, 7, 2, 9, 6, 10, 12, 0]]]","[[[0, 3, 8, 0], [0, 1, 5, 0]]]",[7219.0306],[1222.7355]
12.20.2,8615.0909,7960.7332,-7.5955,True,True,0.001,1.977,0.0,0.0,0.0,0.0,"[[[0, 8, 7, 3, 9, 1, 4, 2, 12, 5, 11, 0]]]","[[[0, 6, 0], [0, 10, 0]]]",[7960.7332],[1162.186]
12.20.3,5974.0297,5030.1766,-15.7993,True,True,0.002,1.958,0.0,0.0,0.0,0.0,"[[[0, 3, 11, 9, 8, 7, 4, 5, 0]]]","[[[0, 2, 0], [0, 1, 10, 0], [0, 12, 6, 0]]]",[5030.1766],[1653.041]
12.20.4,7417.9968,7002.5374,-5.6007,True,True,0.001,1.669,0.0,0.0,0.0,0.0,"[[[0, 11, 7, 5, 10, 2, 12, 6, 8, 1, 4, 0]]]","[[[0, 3, 9, 0]]]",[7002.5374],[432.3708]
20.5.1,626.0038,626.6326,0.1004,True,True,0.007,18.649,0.0,0.0,0.0,0.0,"[[[0, 17, 6, 13, 20, 0]], [[0, 11, 18, 10, 1, 9, 12, 0]]]","[[[0, 2, 4, 3, 5, 7, 0], [0, 16, 0]], [[0, 14, 8, 0], [0, 15, 19, 0]]]","[624.9426, 626.6326]","[572.6098, 619.4535]"
20.5.2,711.9603,711.9603,0.0,True,True,0.007,12.437,0.0,0.0,0.0,0.0,"[[[0, 18, 12, 7, 0]], [[0, 1, 17, 20, 4, 5, 0]]]","[[[0, 16, 3, 14, 10, 0], [0, 13, 8, 9, 0]], [[0, 2, 6, 11, 0], [0, 15, 19, 0]]]","[711.9603, 663.1439]","[705.7503, 663.6345]"
20.5.3,499.8123,526.8689,5.4133,True,True,0.012,17.617,0.0,0.0,0.0,0.0,"[[[0, 20, 17, 7, 14, 19, 0]], [[0, 10, 13, 0]]]","[[[0, 15, 5, 9, 8, 3, 0], [0, 18, 16, 0]], [[0, 1, 11, 12, 4, 0], [0, 2, 0], [0, 6, 0]]]","[524.8795, 526.8689]","[519.1076, 522.1864]"
20.5.4,518.3642,562.3259,8.4809,True,True,0.009,15.005,0.0,0.0,0.0,0.0,"[[[0, 15, 14, 20, 1, 12, 0]], [[0, 8, 10, 3, 18, 0]]]","[[[0, 6, 19, 5, 13, 0]], [[0, 17, 2, 7, 11, 16, 0], [0, 9, 4, 0]]]","[537.7224, 562.3259]","[544.0389, 516.0043]"
20.10.1,1190.692,1206.7086,1.3451,True,True,0.011,14.573,0.0,0.0,0.0,0.0,"[[[0, 11, 16, 3, 1, 20, 0]], [[0, 4, 6, 8, 14, 19, 0]]]","[[[0, 13, 5, 2, 0], [0, 9, 0]], [[0, 18, 12, 17, 15, 0], [0, 10, 7, 0]]]","[1195.114, 1201.2438]","[1206.7086, 1189.9992]"
20.10.2,1254.6043,1264.4662,0.7861,True,True,0.008,23.07,0.0,0.0,0.0,0.0,"[[[0, 13, 10, 3, 0]], [[0, 11, 20, 2, 8, 0]]]","[[[0, 18, 7, 4, 16, 0], [0, 19, 6, 0]], [[0, 9, 12, 17, 0], [0, 15, 5, 1, 0], [0, 14, 0]]]","[1208.5018, 1236.3206]","[1163.919, 1264.4662]"
20.10.3,1206.1755,1206.1755,0.0,True,True,0.011,23.551,0.0,0.0,0.0,0.0,"[[[0, 6, 5, 12, 0]], [[0, 9, 19, 7, 0]]]","[[[0, 20, 8, 1, 15, 0], [0, 16, 10, 17, 3, 2, 0]], [[0, 4, 18, 14, 0], [0, 13, 11, 0]]]","[1088.5659, 1206.1755]","[1160.1896, 1178.1407]"
20.10.4,1325.8548,1325.8548,0.0,True,True,0.008,12.323,0.0,0.0,0.0,0.0,"[[[0, 7, 13, 2, 8, 14, 0]], [[0, 6, 11, 1, 5, 4, 16, 15, 0]]]","[[[0, 20, 3, 9, 0], [0, 12, 17, 18, 0]], [[0, 19, 0], [0, 10, 0]]]","[1268.7573, 1317.4039]","[1311.3278, 1325.8548]"
20.20.1,4375.9962,4375.9962,0.0,True,True,0.006,8.759,0.0,0.0,0.0,0.0,"[[[0, 19, 3, 4, 11, 6, 16, 10, 17, 1, 0]], [[0, 7, 12, 18, 8, 13, 20, 14, 0]]]","[[[0, 9, 0], [0, 2, 0], [0, 5, 0]], [[0, 15, 0]]]","[4375.9962, 4317.2259]","[1828.3457, 644.091]"
20.20.2,4041.3119,4041.3119,0.0,True,True,0.007,9.637,0.0,0.0,0.0,0.0,"[[[0, 6, 10, 15, 20, 12, 0]], [[0, 4, 16, 18, 3, 11, 7, 14, 9, 0]]]","[[[0, 19, 2, 0], [0, 13, 0], [0, 1, 0], [0, 8, 0], [0, 5, 0], [0, 17, 0]]]","[4041.3119, 3985.7513]",[3368.1405]
20.20.3,5069.655,4687.5658,-7.5368,True,True,0.005,13.204,0.0,0.0,0.0,0.0,"[[[0, 19, 6, 12, 9, 3, 8, 16, 20, 0]], [[0, 11, 2, 10, 5, 13, 4, 14, 15, 0]]]","[[[0, 1, 18, 0], [0, 17, 0], [0, 7, 0]]]","[4687.5658, 4661.3395]",[1713.6101]
20.20.4,4371.3015,4654.6067,6.481,True,True,0.006,9.088,0.0,0.0,0.0,0.0,"[[[0, 12, 16, 19, 2, 14, 11, 4, 18, 13, 0]], [[0, 17, 8, 5, 7, 15, 6, 0]]]","[[[0, 20, 0], [0, 1, 0], [0, 10, 0], [0, 9, 0]], [[0, 3, 0]]]","[4575.0968, 4654.6067]","[2182.7158, 696.1828]"
50.10.1,1893.3764,1965.7042,3.82,True,True,0.068,300.319,0.0,0.0,0.0,0.0,"[[[0, 20, 11, 28, 35, 15, 14, 24, 42, 50, 3, 0]], [[0, 34, 7, 45, 0]], [[0, 40, 22, 9, 4, 27, 25, 49, 17, 19, 48, 41, 0]]]","[[[0, 46, 38, 2, 0], [0, 1, 29, 26, 0], [0, 12, 6, 33, 0], [0, 30, 10, 0]], [[0, 18, 16, 43, 0], [0, 31, 39, 36, 0], [0, 37, 0]], [[0, 23, 5, 32, 44, 0], [0, 47, 21, 0], [0, 13, 0], [0, 8, 0]]]","[1931.6153, 1965.7042, 1920.0122]","[1873.3203, 1905.5914, 1879.1844]"
50.10.2,1551.8214,1602.5444,3.2686,True,True,0.067,300.232,0.0,0.0,0.0,0.0,"[[[0, 4, 21, 44, 23, 35, 26, 40, 48, 0]], [[0, 47, 2, 8, 33, 7, 46, 49, 20, 27, 11, 0]], [[0, 28, 9, 43, 37, 5, 16, 34, 29, 17, 0]]]","[[[0, 36, 32, 15, 1, 0], [0, 38, 30, 18, 3, 0], [0, 22, 0]], [[0, 6, 41, 12, 0], [0, 14, 13, 0], [0, 31, 0], [0, 25, 0]], [[0, 19, 0], [0, 42, 45, 50, 10, 0], [0, 24, 39, 0]]]","[1602.5444, 1595.2807, 1576.4864]","[1594.8603, 1590.6823, 1405.3098]"
50.10.3,1512.4059,1674.8907,10.7435,True,True,0.078,300.193,0.0,0.0,0.0,0.0,"[[[0, 26, 34, 45, 31, 50, 36, 4, 12, 2, 40, 0]], [[0, 47, 16, 41, 13, 15, 29, 30, 22, 46, 0]], [[0, 7, 43, 38, 28, 9, 11, 0]]]","[[[0, 17, 5, 8, 0], [0, 1, 24, 48, 21, 0], [0, 14, 20, 19, 0], [0, 32, 0]], [[0, 39, 18, 33, 0], [0, 27, 42, 0], [0, 6, 0]], [[0, 10, 37, 25, 0], [0, 49, 3, 44, 0], [0, 23, 35, 0]]]","[1666.7524, 1661.1915, 1674.8907]","[1664.607, 1557.3616, 1572.8145]"
50.10.4,1455.8578,1683.9562,15.6676,True,True,0.083,191.338,0.0,0.0,0.0,0.0,"[[[0, 20, 27, 26, 50, 7, 8, 9, 3, 28, 0]], [[0, 22, 19, 41, 5, 12, 17, 40, 49, 42, 44, 11, 0]], [[0, 45, 29, 36, 0]]]","[[[0, 4, 10, 6, 21, 0], [0, 35, 23, 46, 0], [0, 30, 32, 0], [0, 24, 0]], [[0, 39, 1, 34, 16, 38, 0], [0, 31, 37, 25, 0], [0, 15, 0]], [[0, 33, 48, 0], [0, 47, 43, 18, 0], [0, 14, 2, 0], [0, 13, 0]]]","[1655.9205, 1652.9027, 1683.9562]","[1665.6368, 1507.9219, 1660.75]"
50.20.1,4182.0911,4344.7049,3.8883,True,True,0.051,135.142,0.0,0.0,0.0,0.0,"[[[0, 40, 14, 32, 9, 11, 2, 33, 13, 4, 44, 19, 41, 0]], [[0, 29, 21, 23, 17, 6, 5, 37, 7, 22, 1, 0]], [[0, 15, 48, 38, 28, 50, 36, 16, 35, 27, 43, 10, 42, 8, 39, 0]]]","[[[0, 31, 47, 0], [0, 46, 20, 0], [0, 30, 0], [0, 24, 45, 0], [0, 3, 12, 0], [0, 18, 0], [0, 49, 0]], [[0, 25, 34, 26, 0]]]","[4323.8756, 4344.7049, 4343.692]","[4050.0251, 655.1194]"
50.20.2,4239.882,4283.0492,1.0181,True,True,0.06,219.872,0.0,0.0,0.0,0.0,"[[[0, 47, 48, 29, 2, 16, 33, 36, 15, 30, 9, 8, 35, 21, 13, 20, 41, 22, 44, 0]], [[0, 10, 7, 19, 38, 24, 27, 5, 45, 26, 3, 43, 0]], [[0, 40, 25, 42, 18, 37, 0]]]","[[[0, 46, 50, 0], [0, 32, 1, 0], [0, 12, 31, 0], [0, 14, 0], [0, 11, 0], [0, 6, 0], [0, 17, 0], [0, 49, 0]], [[0, 23, 0], [0, 28, 34, 0], [0, 39, 0], [0, 4, 0]]]","[4268.3436, 4111.325, 4283.0492]","[4280.4217, 2126.0485]"
50.20.3,4711.8987,4525.4603,-3.9568,True,True,0.062,261.103,0.0,0.0,0.0,0.0,"[[[0, 17, 30, 48, 43, 12, 11, 37, 44, 7, 24, 0]], [[0, 8, 9, 18, 46, 6, 40, 32, 1, 38, 4, 50, 36, 0]], [[0, 19, 41, 2, 28, 14, 13, 22, 31, 34, 33, 0]]]","[[[0, 45, 39, 35, 0], [0, 26, 3, 0], [0, 15, 0], [0, 10, 0], [0, 42, 0], [0, 25, 0], [0, 20, 0]], [[0, 5, 0], [0, 21, 0], [0, 49, 0], [0, 23, 0], [0, 47, 0], [0, 16, 0], [0, 29, 0]], [[0, 27, 0]]]","[4525.4603, 4441.9094, 4392.1937]","[4327.7022, 3580.9829, 518.783]"
50.20.4,4531.5986,4529.6603,-0.0428,True,True,0.054,146.242,0.0,0.0,0.0,0.0,"[[[0, 33, 24, 28, 9, 2, 42, 47, 10, 20, 3, 32, 37, 29, 6, 44, 36, 0]], [[0, 39, 27, 21, 49, 13, 35, 17, 26, 46, 14, 19, 41, 38, 0]], [[0, 34, 15, 48, 31, 22, 12, 5, 30, 40, 11, 18, 0]]]","[[[0, 50, 43, 0], [0, 7, 16, 0], [0, 45, 23, 0], [0, 25, 0], [0, 4, 0], [0, 1, 0]], [[0, 8, 0]]]","[4405.6395, 4529.6603, 4524.5811]","[3195.4877, 296.4514]"
50.30.1,8873.7838,7441.4194,-16.1415,True,True,0.062,166.333,0.0,0.0,0.0,0.0,"[[[0, 23, 34, 17, 39, 8, 5, 33, 2, 22, 28, 12, 9, 13, 24, 19, 41, 26, 0]], [[0, 29, 15, 45, 30, 38, 21, 43, 27, 36, 32, 42, 46, 0]], [[0, 10, 4, 6, 20, 1, 40, 49, 16, 18, 25, 3, 37, 47, 48, 35, 44, 50, 0]]]","[[[0, 31, 11, 0], [0, 14, 7, 0]]]","[7419.3159, 7441.4194, 7346.1597]",[1342.5397]
50.30.2,8019.9612,6238.8989,-22.2079,True,True,0.062,300.364,0.0,0.0,0.0,0.0,"[[[0, 30, 21, 3, 28, 6, 5, 9, 22, 48, 43, 20, 2, 40, 15, 33, 31, 0]], [[0, 1, 8, 47, 23, 45, 32, 10, 38, 36, 37, 12, 41, 19, 7, 34, 35, 0]], [[0, 17, 16, 26, 49, 44, 14, 46, 24, 18, 11, 4, 0]]]","[[[0, 29, 42, 27, 0], [0, 39, 50, 0], [0, 25, 0], [0, 13, 0]]]","[6226.8123, 6238.8989, 6189.532]",[2470.7714]
50.30.3,8908.103,7539.5656,-15.3628,True,True,0.063,300.112,0.0,0.0,0.0,0.0,"[[[0, 35, 49, 46, 15, 25, 20, 30, 16, 45, 28, 31, 34, 39, 9, 4, 0], [0, 22, 0]], [[0, 1, 11, 3, 7, 36, 26, 13, 10, 37, 5, 32, 19, 33, 27, 40, 23, 0]], [[0, 2, 18, 44, 24, 47, 17, 43, 6, 29, 48, 41, 8, 12, 0]]]","[[[0, 50, 14, 38, 0], [0, 21, 0]], [[0, 42, 0]]]","[7492.0338, 7517.8279, 7539.5656]","[956.4924, 639.9872]"
50.30.4,8811.6613,8193.6511,-7.0135,True,True,0.064,300.375,0.0,0.0,0.0,0.0,"[[[0, 47, 37, 19, 8, 30, 16, 27, 18, 2, 46, 25, 5, 45, 36, 0]], [[0, 7, 42, 38, 3, 43, 31, 33, 4, 15, 6, 12, 13, 44, 22, 48, 9, 0]], [[0, 11, 49, 14, 20, 35, 28, 32, 1, 17, 39, 24, 23, 41, 34, 29, 0]]]","[[[0, 26, 0], [0, 10, 50, 0], [0, 40, 0], [0, 21, 0]]]","[8193.6511, 8188.2337, 8109.7879]",[2411.9121]
50.40.1,14408.6734,9885.5583,-31.3916,True,True,0.055,300.201,0.0,0.0,0.0,0.0,"[[[0, 34, 44, 15, 48, 3, 18, 45, 7, 39, 27, 20, 35, 28, 6, 2, 16, 23, 0]], [[0, 9, 30, 11, 1, 26, 8, 38, 4, 14, 32, 31, 47, 13, 42, 25, 37, 43, 0]], [[0, 21, 40, 41, 49, 19, 29, 22, 36, 50, 0]]]","[[[0, 10, 33, 17, 0], [0, 24, 0], [0, 5, 0], [0, 12, 0]], [[0, 46, 0]]]","[9885.5583, 9879.0802, 9876.4353]","[1959.2493, 248.6645]"
50.40.2,14334.6084,10084.8348,-29.6469,True,True,0.067,300.015,0.0,0.0,0.0,0.0,"[[[0, 1, 13, 49, 9, 27, 5, 39, 7, 35, 44, 38, 11, 14, 23, 0]], [[0, 26, 34, 2, 25, 6, 3, 10, 43, 15, 16, 48, 22, 36, 29, 37, 21, 50, 0]], [[0, 46, 42, 12, 32, 18, 31, 17, 45, 4, 24, 28, 8, 41, 20, 30, 40, 19, 0]]]","[[[0, 47, 0]], [[0, 33, 0]]]","[10074.0581, 10084.8348, 9901.5997]","[699.3387, 176.2847]"
50.40.3,12527.9253,10053.892,-19.7481,True,True,0.112,300.042,0.0,0.0,0.0,0.0,"[[[0, 15, 35, 34, 20, 24, 31, 40, 33, 27, 37, 48, 4, 0]], [[0, 22, 46, 10, 1, 8, 12, 28, 30, 3, 29, 16, 11, 39, 18, 23, 13, 17, 44, 19, 43, 7, 0]], [[0, 5, 25, 50, 36, 26, 2, 9, 38, 6, 49, 42, 14, 21, 41, 0]]]","[[[0, 32, 0]], [[0, 47, 0], [0, 45, 0]]]","[10051.894, 10053.892, 10038.9073]","[635.7526, 1029.2082]"
50.40.4,12992.7232,9359.9835,-27.9598,True,True,0.067,160.301,0.0,0.0,0.0,0.0,"[[[0, 21, 50, 36, 4, 2, 6, 35, 30, 3, 7, 39, 22, 43, 17, 1, 14, 47, 40, 0]], [[0, 44, 24, 19, 28, 20, 23, 11, 5, 10, 37, 13, 46, 33, 0]], [[0, 29, 12, 42, 31, 27, 8, 18, 34, 38, 48, 41, 15, 32, 45, 49, 25, 16, 0]]]","[[[0, 26, 0]], [[0, 9, 0]]]","[9147.5922, 9359.9835, 9256.6092]","[576.3706, 527.0361]"
100.10.1,1563.2556,2143.0072,37.0862,True,True,0.605,301.262,0.0,0.0,0.0,0.0,"[[[0, 98, 15, 31, 71, 30, 91, 2, 27, 94, 79, 12, 82, 84, 34, 0]], [[0, 75, 52, 87, 45, 28, 57, 41, 36, 26, 96, 88, 77, 22, 60, 48, 73, 0]], [[0, 51, 38, 3, 49, 80, 92, 24, 62, 35, 0]], [[0, 17, 43, 61, 59, 70, 20, 21, 23, 40, 97, 50, 0]]]","[[[0, 95, 18, 72, 0], [0, 53, 0], [0, 16, 58, 1, 11, 0], [0, 90, 76, 67, 0], [0, 65, 0]], [[0, 85, 10, 29, 0], [0, 44, 33, 9, 25, 0], [0, 55, 19, 5, 0], [0, 81, 69, 0]], [[0, 7, 14, 13, 63, 0], [0, 86, 32, 0], [0, 68, 56, 37, 0], [0, 64, 0]], [[0, 4, 54, 46, 66, 39, 0], [0, 6, 78, 42, 47, 0], [0, 8, 83, 99, 100, 0], [0, 89, 93, 0], [0, 74, 0]]]","[2130.4994, 2097.2575, 2143.0072, 2120.5447]","[2079.2992, 2141.2116, 2098.9776, 2127.3611]"
100.10.2,1579.872,1908.5231,20.8024,True,True,0.51,302.788,0.0,0.0,0.0,0.0,"[[[0, 30, 59, 93, 26, 58, 44, 82, 38, 0]], [[0, 7, 63, 16, 61, 89, 66, 37, 53, 31, 42, 0]], [[0, 25, 62, 100, 73, 55, 99, 12, 97, 71, 1, 39, 0]], [[0, 32, 92, 90, 23, 47, 40, 77, 35, 69, 74, 52, 21, 72, 34, 94, 4, 87, 18, 45, 0]]]","[[[0, 81, 43, 27, 67, 0], [0, 46, 41, 78, 51, 0], [0, 95, 56, 36, 0], [0, 88, 0]], [[0, 80, 11, 2, 76, 0], [0, 28, 54, 96, 0], [0, 48, 14, 86, 0], [0, 79, 0]], [[0, 15, 84, 50, 22, 13, 0], [0, 6, 20, 49, 75, 0], [0, 83, 17, 8, 60, 0], [0, 68, 64, 0]], [[0, 70, 91, 3, 85, 19, 0], [0, 29, 9, 65, 33, 5, 10, 0], [0, 98, 57, 24, 0]]]","[1894.8628, 1904.5239, 1876.7516, 1890.2951]","[1905.3002, 1873.6977, 1884.6189, 1908.5231]"
100.10.3,1516.0672,2491.3113,64.3272,True,True,0.595,301.449,0.0,0.0,0.0,0.0,"[[[0, 73, 8, 74, 1, 21, 5, 81, 94, 68, 27, 82, 60, 26, 86, 89, 18, 75, 9, 79, 6, 0]], [[0, 52, 11, 62, 44, 32, 49, 92, 7, 66, 80, 56, 0]], [[0, 51, 53, 3, 40, 50, 61, 45, 37, 10, 93, 38, 46, 43, 0]], [[0, 58, 78, 97, 17, 77, 31, 87, 59, 0]]]","[[[0, 67, 47, 41, 98, 0], [0, 90, 83, 55, 0], [0, 12, 36, 39, 0], [0, 15, 48, 2, 0]], [[0, 76, 16, 96, 30, 0], [0, 25, 24, 84, 0], [0, 88, 69, 0], [0, 65, 22, 14, 0], [0, 54, 0]], [[0, 57, 23, 35, 63, 0], [0, 70, 91, 0], [0, 34, 100, 71, 0], [0, 33, 64, 0]], [[0, 72, 85, 42, 0], [0, 28, 13, 29, 99, 0], [0, 20, 19, 95, 0], [0, 4, 0]]]","[2482.4978, 2378.88, 2437.9889, 2491.3113]","[2488.4891, 2409.2179, 2440.1852, 2487.3127]"
100.10.4,1566.1742,1850.0056,18.1226,True,True,0.51,302.323,0.0,0.0,0.0,0.0,"[[[0, 93, 41, 87, 57, 25, 76, 35, 61, 31, 98, 23, 90, 84, 67, 69, 96, 0], [0, 52, 0]], [[0, 78, 22, 33, 1, 55, 6, 45, 9, 4, 0]], [[0, 43, 49, 82, 77, 15, 37, 65, 21, 11, 75, 72, 64, 68, 0]], [[0, 5, 94, 54, 28, 92, 36, 12, 63, 70, 81, 39, 7, 100, 46, 27, 95, 14, 88, 0], [0, 2, 0]]]","[[[0, 86, 62, 0], [0, 56, 29, 79, 53, 0], [0, 40, 13, 24, 0], [0, 10, 73, 44, 0]], [[0, 66, 8, 51, 42, 83, 0], [0, 59, 60, 3, 0], [0, 16, 18, 48, 0]], [[0, 17, 26, 0], [0, 99, 89, 20, 0], [0, 32, 30, 47, 91, 0]], [[0, 19, 38, 58, 71, 0], [0, 50, 85, 80, 0], [0, 74, 97, 34, 0]]]","[1832.57, 1788.5594, 1768.1646, 1786.9868]","[1803.2235, 1747.9585, 1850.0056, 1844.699]"
100.20.1,4302.3068,5493.8181,27.6947,True,True,0.328,302.282,0.0,0.0,0.0,0.0,"[[[0, 47, 5, 73, 35, 12, 89, 68, 44, 83, 82, 62, 37, 66, 87, 46, 0]], [[0, 34, 56, 65, 25, 29, 36, 63, 48, 9, 97, 96, 80, 71, 50, 57, 92, 70, 90, 59, 91, 76, 13, 11, 27, 0]], [[0, 1, 78, 21, 88, 74, 42, 86, 39, 18, 49, 7, 55, 28, 93, 51, 75, 45, 94, 8, 64, 22, 30, 58, 81, 23, 33, 0]], [[0, 3, 98, 15, 41, 2, 32, 99, 95, 4, 100, 0]]]","[[[0, 31, 85, 6, 0], [0, 20, 84, 43, 24, 0], [0, 40, 0], [0, 10, 19, 0], [0, 17, 0], [0, 69, 0], [0, 52, 0], [0, 79, 0], [0, 38, 0]], [[0, 77, 14, 0], [0, 53, 0], [0, 16, 0], [0, 72, 0], [0, 26, 0], [0, 67, 0], [0, 60, 0], [0, 61, 0]], [[0, 54, 0]]]","[5493.8181, 5407.2859, 5470.9127, 5476.0359]","[4951.0198, 4794.5203, 691.0887]"
100.20.2,4055.9937,4744.7302,16.9807,True,True,0.39,300.826,0.0,0.0,0.0,0.0,"[[[0, 85, 83, 86, 19, 7, 45, 24, 37, 59, 95, 55, 11, 41, 74, 3, 80, 82, 63, 0], [0, 14, 0]], [[0, 35, 48, 51, 33, 68, 100, 58, 1, 34, 36, 29, 69, 43, 75, 8, 91, 64, 30, 0]], [[0, 50, 79, 23, 94, 20, 89, 78, 10, 60, 32, 56, 2, 40, 21, 28, 15, 6, 0]], [[0, 57, 25, 44, 84, 38, 93, 87, 18, 92, 70, 67, 22, 26, 17, 52, 90, 98, 97, 0]]]","[[[0, 27, 88, 12, 0], [0, 49, 54, 65, 66, 0], [0, 5, 0], [0, 53, 0], [0, 47, 0], [0, 31, 0], [0, 73, 0], [0, 13, 62, 0]], [[0, 72, 61, 0], [0, 76, 0], [0, 42, 46, 39, 0], [0, 99, 0], [0, 16, 0], [0, 77, 0]], [[0, 81, 96, 0], [0, 9, 0], [0, 4, 0]], [[0, 71, 0]]]","[4718.4611, 4744.7302, 4551.1681, 4709.3112]","[4398.7681, 3598.8638, 1610.4446, 632.5421]"
100.20.3,4196.0262,5045.2647,20.2391,True,True,0.232,300.099,0.0,0.0,0.0,0.0,"[[[0, 82, 35, 66, 7, 17, 39, 90, 60, 85, 64, 70, 15, 43, 74, 99, 0]], [[0, 61, 31, 37, 2, 54, 96, 46, 89, 6, 62, 40, 8, 93, 3, 21, 87, 58, 51, 26, 80, 9, 0]], [[0, 11, 75, 91, 48, 55, 57, 53, 4, 98, 13, 77, 16, 59, 81, 1, 92, 47, 84, 100, 28, 12, 20, 0]], [[0, 56, 73, 71, 18, 10, 97, 14, 5, 65, 24, 67, 32, 83, 78, 68, 27, 88, 36, 0]]]","[[[0, 45, 50, 79, 94, 0], [0, 86, 95, 0], [0, 41, 42, 0], [0, 25, 0], [0, 22, 0], [0, 29, 0], [0, 76, 0], [0, 63, 0], [0, 38, 0], [0, 30, 0]], [[0, 49, 0], [0, 72, 0], [0, 19, 0], [0, 33, 0], [0, 23, 0], [0, 52, 0], [0, 34, 0]], [[0, 44, 0], [0, 69, 0]]]","[5045.2647, 5015.2166, 4944.6483, 5023.0591]","[4845.1551, 4523.2985, 1283.9725]"
100.20.4,4358.967,5409.6725,24.1045,True,True,0.332,300.847,0.0,0.0,0.0,0.0,"[[[0, 4, 89, 15, 64, 6, 73, 50, 42, 45, 28, 39, 98, 62, 60, 13, 0], [0, 91, 0]], [[0, 78, 84, 23, 92, 9, 46, 21, 43, 54, 55, 3, 35, 18, 68, 1, 31, 76, 57, 80, 69, 53, 100, 20, 96, 0]], [[0, 70, 32, 82, 16, 37, 47, 44, 63, 81, 26, 19, 22, 74, 94, 27, 0]], [[0, 10, 49, 25, 33, 24, 65, 77, 71, 11, 58, 40, 14, 85, 87, 61, 72, 2, 79, 17, 51, 41, 0]]]","[[[0, 59, 52, 38, 0], [0, 66, 29, 0], [0, 88, 0], [0, 7, 0], [0, 5, 34, 0], [0, 90, 0], [0, 99, 0], [0, 67, 97, 0], [0, 95, 0], [0, 8, 0], [0, 36, 0]], [[0, 48, 0], [0, 56, 83, 0], [0, 30, 0], [0, 75, 0], [0, 86, 0], [0, 12, 0]], [[0, 93, 0]]]","[5268.3166, 5369.5933, 5409.6725, 5301.263]","[5295.9032, 3550.8708, 675.767]"
100.30.1,8802.9066,7890.1075,-10.3693,True,True,0.341,300.656,0.0,0.0,0.0,0.0,"[[[0, 36, 73, 86, 83, 72, 47, 70, 29, 43, 63, 12, 82, 95, 77, 54, 5, 67, 4, 64, 66, 17, 91, 79, 1, 58, 25, 0]], [[0, 15, 9, 44, 18, 94, 19, 78, 35, 40, 24, 2, 87, 34, 55, 30, 100, 33, 80, 90, 32, 57, 14, 52, 10, 0]], [[0, 31, 69, 61, 41, 88, 68, 51, 8, 27, 23, 75, 3, 93, 60, 49, 38, 62, 85, 20, 26, 81, 0]], [[0, 28, 37, 76, 74, 99, 56, 89, 65, 46, 45, 13, 59, 53, 50, 98, 97, 7, 48, 22, 0]]]","[[[0, 92, 42, 21, 0], [0, 39, 71, 0], [0, 96, 0], [0, 84, 0], [0, 6, 0]], [[0, 16, 0], [0, 11, 0]]]","[7875.0479, 7866.7677, 7890.1075, 7868.7262]","[2841.1849, 1020.7343]"
100.30.2,8596.1566,7271.3955,-15.4111,True,True,0.338,302.34,0.0,0.0,0.0,0.0,"[[[0, 22, 45, 99, 74, 81, 25, 73, 72, 43, 3, 15, 39, 38, 7, 47, 12, 4, 77, 29, 40, 19, 89, 78, 0]], [[0, 31, 55, 20, 75, 42, 33, 83, 67, 93, 48, 46, 16, 82, 69, 2, 6, 57, 35, 65, 66, 17, 95, 60, 0]], [[0, 52, 85, 80, 23, 97, 54, 41, 37, 94, 14, 58, 70, 84, 24, 36, 62, 63, 79, 50, 0]], [[0, 28, 21, 96, 44, 53, 49, 34, 27, 51, 30, 8, 92, 68, 56, 32, 11, 59, 98, 1, 0]]]","[[[0, 64, 13, 9, 0], [0, 18, 86, 0], [0, 76, 5, 0], [0, 10, 0], [0, 26, 61, 0], [0, 91, 0], [0, 87, 0]], [[0, 90, 0]], [[0, 88, 100, 0]], [[0, 71, 0]]]","[7233.9341, 7117.4734, 7189.4352, 7271.3955]","[4353.3511, 303.6364, 674.3515, 529.8499]"
100.30.3,8911.0683,8263.9452,-7.262,True,True,0.292,300.208,0.0,0.0,0.0,0.0,"[[[0, 43, 59, 40, 70, 73, 4, 85, 18, 6, 37, 89, 79, 19, 86, 69, 8, 23, 45, 17, 68, 0]], [[0, 12, 50, 64, 13, 38, 29, 60, 39, 26, 67, 51, 88, 33, 53, 44, 28, 46, 66, 98, 83, 0]], [[0, 34, 30, 47, 95, 31, 32, 35, 90, 61, 5, 63, 82, 21, 42, 27, 71, 96, 52, 41, 11, 97, 65, 80, 15, 78, 9, 0]], [[0, 1, 3, 75, 72, 94, 36, 62, 84, 81, 20, 22, 24, 48, 58, 91, 25, 7, 56, 87, 0]]]","[[[0, 10, 77, 0], [0, 99, 55, 16, 0], [0, 2, 100, 0], [0, 14, 49, 0], [0, 57, 0], [0, 93, 0], [0, 54, 0], [0, 74, 0], [0, 92, 0], [0, 76, 0]]]","[8038.1159, 8233.3538, 8263.9452, 8246.6533]",[5794.8208]
100.30.4,8652.4201,8765.576,1.3078,True,True,0.335,300.999,0.0,0.0,0.0,0.0,"[[[0, 68, 35, 60, 33, 83, 2, 39, 61, 30, 46, 18, 52, 31, 51, 7, 55, 20, 69, 84, 12, 92, 98, 79, 29, 66, 48, 91, 40, 82, 0]], [[0, 65, 62, 71, 64, 34, 72, 36, 10, 67, 15, 28, 90, 41, 14, 96, 27, 77, 58, 16, 59, 63, 0]], [[0, 97, 25, 32, 42, 45, 38, 6, 86, 21, 56, 88, 44, 53, 23, 87, 8, 4, 17, 75, 19, 73, 70, 22, 100, 47, 49, 43, 0]], [[0, 81, 3, 80, 99, 26, 95, 89, 54, 57, 37, 85, 76, 78, 93, 1, 9, 0]]]","[[[0, 50, 0], [0, 24, 13, 0], [0, 94, 11, 0], [0, 74, 0], [0, 5, 0]]]","[8765.576, 8510.3902, 8761.7777, 8609.2021]",[3128.9897]
100.40.1,14597.8062,11200.6464,-23.2717,True,True,0.418,300.769,0.0,0.0,0.0,0.0,"[[[0, 60, 98, 96, 12, 13, 63, 50, 10, 26, 31, 81, 4, 64, 56, 66, 83, 89, 92, 9, 20, 33, 78, 38, 58, 6, 85, 18, 1, 48, 0]], [[0, 67, 73, 44, 42, 27, 54, 32, 40, 23, 5, 57, 71, 75, 22, 76, 91, 46, 100, 14, 74, 79, 77, 90, 0]], [[0, 2, 43, 8, 37, 61, 19, 11, 72, 70, 88, 86, 65, 21, 87, 68, 30, 0]], [[0, 95, 53, 97, 34, 52, 41, 94, 24, 51, 35, 7, 47, 93, 29, 39, 59, 99, 16, 3, 28, 17, 84, 69, 15, 82, 0]]]","[[[0, 25, 45, 0], [0, 49, 36, 0], [0, 55, 0]], [[0, 80, 0], [0, 62, 0]]]","[10993.7093, 11200.6464, 11043.9281, 10981.736]","[1738.1069, 1011.7248]"
100.40.2,15140.8971,11225.255,-25.8614,True,True,0.315,301.524,0.0,0.0,0.0,0.0,"[[[0, 76, 39, 31, 56, 73, 61, 62, 90, 83, 55, 64, 41, 67, 30, 4, 88, 52, 54, 10, 29, 50, 15, 46, 65, 7, 93, 0]], [[0, 89, 72, 22, 36, 3, 14, 60, 77, 17, 27, 98, 45, 69, 95, 51, 47, 79, 97, 38, 2, 19, 0]], [[0, 8, 23, 21, 66, 33, 20, 58, 32, 9, 59, 53, 25, 0]], [[0, 40, 68, 1, 63, 96, 48, 16, 86, 92, 78, 70, 18, 81, 24, 44, 94, 28, 91, 35, 13, 37, 87, 26, 42, 80, 75, 6, 99, 34, 82, 0]]]","[[[0, 43, 85, 12, 0], [0, 5, 0], [0, 100, 0], [0, 84, 0], [0, 74, 0], [0, 57, 0], [0, 11, 0]], [[0, 49, 0], [0, 71, 0]]]","[10625.4853, 11202.8256, 11225.255, 11207.9286]","[3558.2366, 997.437]"
100.40.3,15196.6636,12511.5853,-17.6689,True,True,0.299,302.388,0.0,0.0,0.0,0.0,"[[[0, 56, 84, 9, 98, 21, 89, 92, 79, 76, 45, 19, 22, 27, 83, 72, 65, 71, 8, 44, 81, 53, 75, 34, 52, 66, 3, 69, 0]], [[0, 62, 55, 11, 36, 42, 15, 2, 97, 80, 47, 33, 23, 13, 95, 50, 0]], [[0, 28, 40, 85, 67, 32, 51, 58, 5, 87, 68, 26, 60, 46, 49, 90, 20, 31, 39, 14, 61, 99, 43, 57, 30, 17, 12, 63, 29, 35, 24, 0]], [[0, 54, 77, 25, 37, 100, 41, 59, 10, 70, 78, 48, 88, 1, 86, 74, 7, 73, 91, 0]]]","[[[0, 96, 4, 0], [0, 6, 16, 0], [0, 93, 0], [0, 94, 0], [0, 18, 0], [0, 38, 0], [0, 82, 0], [0, 64, 0]]]","[12498.8736, 12511.5853, 12465.3492, 12327.1895]",[4598.4313]
100.40.4,14429.3448,10998.9334,-23.7739,True,True,0.29,302.544,0.0,0.0,0.0,0.0,"[[[0, 77, 16, 7, 76, 39, 52, 40, 97, 41, 67, 74, 100, 33, 99, 6, 21, 60, 70, 34, 26, 2, 87, 81, 12, 0]], [[0, 27, 83, 84, 4, 85, 64, 62, 88, 11, 55, 24, 94, 19, 25, 89, 45, 82, 92, 38, 49, 30, 9, 0]], [[0, 22, 56, 35, 73, 48, 15, 13, 8, 66, 51, 63, 17, 68, 1, 23, 28, 5, 37, 90, 79, 46, 42, 75, 44, 93, 0]], [[0, 86, 18, 57, 95, 61, 50, 31, 36, 71, 96, 47, 54, 80, 65, 69, 32, 59, 91, 14, 58, 53, 0]]]","[[[0, 78, 0], [0, 98, 0], [0, 72, 0], [0, 43, 0], [0, 20, 0], [0, 29, 0], [0, 3, 0]], [[0, 10, 0]]]","[10549.1831, 10937.149, 10998.9334, 10995.3534]","[4179.5127, 699.7368]"
