Problem,Makespan_baseline,Makespan_algo,Gap_%,Feasible,AllServed,Construction_s,TS_s,Penalty_TW,Penalty_Cap,Penalty_Range
6.5.1,699.6657,699.6657,0.0,True,True,0.0,1.001,0.0,0.0,0.0
6.5.2,550.7225,581.9915,5.6778,True,True,0.001,0.758,0.0,0.0,0.0
6.5.3,766.7834,766.7834,0.0,True,True,0.0,0.757,0.0,0.0,0.0
6.5.4,579.9713,491.6754,-15.2242,True,True,0.0,1.014,0.0,0.0,0.0
6.10.1,1078.7477,1039.9672,-3.595,True,True,0.0,0.983,0.0,0.0,0.0
6.10.2,1232.5642,1232.5642,-0.0,True,True,0.0,0.778,0.0,0.0,0.0
6.10.3,1230.0423,1295.786,5.3448,True,True,0.0,0.901,0.0,0.0,0.0
6.10.4,997.8432,1071.9963,7.4313,True,True,0.0,0.761,0.0,0.0,0.0
6.20.1,4486.6813,4486.6813,-0.0,True,True,0.0,0.447,0.0,0.0,0.0
6.20.2,4099.7879,4099.7879,0.0,True,True,0.0,0.569,0.0,0.0,0.0
6.20.3,6233.2145,6053.2145,-2.8878,True,True,0.0,0.473,0.0,0.0,0.0
6.20.4,6174.7861,5994.7861,-2.9151,True,True,0.0,0.475,0.0,0.0,0.0
10.5.1,1212.9465,1212.9465,0.0,True,True,0.001,1.673,0.0,0.0,0.0
10.5.2,709.2037,709.2037,-0.0,True,True,0.001,2.466,0.0,0.0,0.0
10.5.3,775.6905,703.0388,-9.3661,True,True,0.001,2.85,0.0,0.0,0.0
10.5.4,745.4252,745.4252,0.0,True,True,0.001,2.473,0.0,0.0,0.0
10.10.1,1735.95,1552.7429,-10.5537,True,True,0.0,2.676,0.0,0.0,0.0
10.10.2,2006.7277,2006.7277,-0.0,True,True,0.0,2.399,0.0,0.0,0.0
10.10.3,1818.1503,1651.7095,-9.1544,True,True,0.0,2.295,0.0,0.0,0.0
10.10.4,1359.6333,1359.6333,-0.0,True,True,0.001,2.271,0.0,0.0,0.0
10.20.1,5738.0668,5558.0668,-3.1369,True,True,0.001,1.547,0.0,0.0,0.0
10.20.2,6973.4074,6876.8413,-1.3848,True,True,0.001,1.528,0.0,0.0,0.0
10.20.3,6468.8684,6437.5841,-0.4836,True,True,0.001,1.389,0.0,0.0,0.0
10.20.4,6469.0426,6459.934,-0.1408,True,True,0.001,1.564,0.0,0.0,0.0
12.5.1,722.7394,676.5196,-6.3951,True,True,0.001,3.871,0.0,0.0,0.0
12.5.2,682.5606,502.5606,-26.3713,True,True,0.001,4.366,0.0,0.0,0.0
12.5.3,1011.0698,1131.3833,11.8996,True,True,0.0,3.684,0.0,0.0,0.0
12.5.4,925.822,745.822,-19.4422,True,True,0.001,4.798,0.0,0.0,0.0
12.10.1,1669.857,1669.857,0.0,True,True,0.001,3.543,0.0,0.0,0.0
12.10.2,1670.9122,1490.9122,-10.7726,True,True,0.001,4.581,0.0,0.0,0.0
12.10.3,1788.4913,1783.4266,-0.2832,True,True,0.001,4.503,0.0,0.0,0.0
12.10.4,1719.9583,1539.9583,-10.4654,True,True,0.001,4.277,0.0,0.0,0.0
12.20.1,8240.6221,8210.5584,-0.3648,True,True,0.001,2.355,0.0,0.0,0.0
12.20.2,8615.0909,8615.0739,-0.0002,True,True,0.001,2.593,0.0,0.0,0.0
12.20.3,5974.0297,5973.0139,-0.017,True,True,0.001,2.552,0.0,0.0,0.0
12.20.4,7417.9968,7400.5139,-0.2357,True,True,0.001,2.232,0.0,0.0,0.0
20.5.1,626.0038,625.9857,-0.0029,True,True,0.002,18.885,0.0,0.0,0.0
20.5.2,711.9603,672.1061,-5.5978,True,True,0.002,17.215,0.0,0.0,0.0
20.5.3,499.8123,413.3278,-17.3034,True,True,0.002,38.792,0.0,0.0,0.0
20.5.4,518.3642,583.7647,12.6167,True,True,0.002,18.032,0.0,0.0,0.0
20.10.1,1190.692,1200.0628,0.787,True,True,0.001,40.218,0.0,0.0,0.0
20.10.2,1254.6043,1181.7315,-5.8084,True,True,0.002,20.195,0.0,0.0,0.0
20.10.3,1206.1755,1152.194,-4.4754,True,True,0.002,25.526,0.0,0.0,0.0
20.10.4,1325.8548,1234.2575,-6.9085,True,True,0.002,15.955,0.0,0.0,0.0
20.20.1,4375.9962,4375.9962,0.0,True,True,0.002,11.588,0.0,0.0,0.0
20.20.2,4041.3119,4041.3119,0.0,True,True,0.002,10.923,0.0,0.0,0.0
20.20.3,5069.655,5430.7171,7.122,True,True,0.002,10.497,0.0,0.0,0.0
20.20.4,4371.3015,4371.3015,0.0,True,True,0.001,11.41,0.0,0.0,0.0
50.10.1,1893.3764,1713.3764,-9.5068,True,True,0.008,152.562,0.0,0.0,0.0
50.10.2,1551.8214,1451.9079,-6.4385,True,True,0.009,191.636,0.0,0.0,0.0
50.10.3,1512.4059,1376.2776,-9.0008,True,True,0.015,297.015,0.0,0.0,0.0
50.10.4,1455.8578,1443.8541,-0.8245,True,True,0.01,201.734,0.0,0.0,0.0
50.20.1,4182.0911,4244.8967,1.5018,True,True,0.012,106.854,0.0,0.0,0.0
50.20.2,4239.882,4283.0492,1.0181,True,True,0.011,113.594,0.0,0.0,0.0
50.20.3,4711.8987,4700.0082,-0.2524,True,True,0.011,113.629,0.0,0.0,0.0
50.20.4,4531.5986,5686.3717,25.4827,True,True,0.014,114.956,0.0,0.0,0.0
50.30.1,8873.7838,8761.9779,-1.26,True,True,0.019,102.016,0.0,0.0,0.0
50.30.2,8019.9612,7857.2016,-2.0294,True,True,0.019,114.393,0.0,0.0,0.0
50.30.3,8908.103,8907.9372,-0.0019,True,True,0.02,95.517,0.0,0.0,0.0
50.30.4,8811.6613,8631.6613,-2.0427,True,True,0.022,100.559,0.0,0.0,0.0
50.40.1,14408.6734,14297.6352,-0.7706,True,True,0.021,98.369,0.0,0.0,0.0
50.40.2,14334.6084,14304.9392,-0.207,True,True,0.021,112.207,0.0,0.0,0.0
50.40.3,12527.9253,13000.0613,3.7687,True,True,0.023,113.651,0.0,0.0,0.0
50.40.4,12992.7232,13061.6024,0.5301,True,True,0.023,123.077,0.0,0.0,0.0
100.10.1,1563.2556,1749.2615,11.8986,True,True,0.044,302.167,0.0,0.0,0.0
100.10.2,1579.872,1560.0016,-1.2577,True,True,0.042,302.685,0.0,0.0,0.0
100.10.3,1516.0672,1747.8668,15.2895,True,True,0.042,302.273,0.0,0.0,0.0
100.10.4,1566.1742,1578.5236,0.7885,True,True,0.042,301.619,0.0,0.0,0.0
100.20.1,4302.3068,4302.3068,-0.0,True,True,0.076,300.755,0.0,0.0,0.0
100.20.2,4055.9937,4055.9937,-0.0,True,True,0.054,300.232,0.0,0.0,0.0
100.20.3,4196.0262,5110.666,21.7978,True,True,0.081,300.543,0.0,0.0,0.0
100.20.4,4358.967,4459.5047,2.3065,True,True,0.055,301.004,0.0,0.0,0.0
100.30.1,8802.9066,8684.1589,-1.349,True,True,0.106,300.673,0.0,0.0,0.0
100.30.2,8596.1566,8552.7951,-0.5044,True,True,0.087,301.128,0.0,0.0,0.0
100.30.3,8911.0683,8862.9583,-0.5399,True,True,0.094,300.025,0.0,0.0,0.0
100.30.4,8652.4201,9031.0422,4.3759,True,True,0.088,300.754,0.0,0.0,0.0
100.40.1,14597.8062,14624.221,0.181,True,True,0.108,301.231,0.0,0.0,0.0
100.40.2,15140.8971,15068.1011,-0.4808,True,True,0.11,301.118,0.0,0.0,0.0
100.40.3,15196.6636,15082.917,-0.7485,True,True,0.114,301.144,0.0,0.0,0.0
100.40.4,14429.3448,14486.9191,0.399,True,True,0.116,300.933,0.0,0.0,0.0
